{
  "name": "dash-table",
  "version": "4.1.0",
  "description": "Dash table",
  "repository": {
    "type": "git",
    "url": "git@github.com:plotly/dash-table.git"
  },
  "bugs": {
    "url": "https://github.com/plotly/dash-table/issues"
  },
  "homepage": "https://github.com/plotly/dash-table",
  "main": "dash_table/bundle.js",
  "scripts": {
    "preprivate::opentests": "run-s private::wait*",
    "preprivate::test.server": "run-s private::wait_dash*",
    "preprivate::test.standalone": "run-s private::wait_js",
    "pretest.standalone": "run-s private::build:js-test",
    "private::build": "node --max_old_space_size=4096 node_modules/webpack/bin/webpack --display-reasons --bail",
    "private::build:js": "run-s \"private::build -- --mode production\"",
    "private::build:js-dev": "run-s \"private::build -- --mode development --config webpack.dev.config.js\"",
    "private::build:js-test": "run-s \"private::build -- --mode development --config webpack.test.config.js\"",
    "private::build:js-test-watch": "run-s \"private::build -- --mode development --config webpack.test.config.js --watch\"",
    "private::build:py": "dash-generate-components src/dash-table/dash/DataTable.js dash_table -p package-info.json",
    "private::host_dash8081": "python tests/cypress/dash/v_be_page.py",
    "private::host_dash8082": "python tests/cypress/dash/v_copy_paste.py",
    "private::host_dash8083": "python tests/cypress/dash/v_fe_page.py",
    "private::host_js": "http-server ./dash_table -c-1 --silent",
    "private::lint:ts": "tslint --project tsconfig.json --config tslint.json",
    "private::lint:py": "flake8 --exclude=DataTable.py,__init__.py,_imports_.py dash_table",
    "private::wait_dash8081": "wait-on http://localhost:8081",
    "private::wait_dash8082": "wait-on http://localhost:8082",
    "private::wait_dash8083": "wait-on http://localhost:8083",
    "private::wait_js": "wait-on http://localhost:8080",
    "private::opentests": "cypress open",
    "private::test.python": "python -m unittest tests/unit/format_test.py",
    "private::test.unit": "cypress run --browser chrome --spec 'tests/cypress/tests/unit/**/*'",
    "private::test.server": "cypress run --browser chrome --spec 'tests/cypress/tests/server/**/*'",
    "private::test.standalone": "cypress run --browser chrome --spec 'tests/cypress/tests/standalone/**/*'",
    "build.watch": "webpack-dev-server --content-base dash_table --mode development --config webpack.dev.config.js",
    "build": "run-s private::build:js private::build:py",
    "lint": "run-s private::lint:*",
    "test.server": "run-p --race private::host* private::test.server",
    "test.standalone": "run-p --race private::host_js private::test.standalone",
    "test.unit": "run-s private::test.python private::test.unit",
    "test.visual": "build-storybook && percy-storybook",
    "test.visual-local": "build-storybook",
    "test.watch": "run-p --race \"private::build:js-test-watch\" --race private::host* private::opentests"
  },
  "author": "Chris P <chris@plot.ly>",
  "license": "MIT",
  "dependencies": {},
  "devDependencies": {
    "@babel/cli": "^7.5.5",
    "@babel/core": "^7.5.5",
    "@babel/polyfill": "^7.4.4",
    "@babel/preset-env": "^7.5.5",
    "@babel/preset-react": "^7.0.0",
    "@cypress/webpack-preprocessor": "^4.1.0",
    "@fortawesome/fontawesome-svg-core": "^1.2.19",
    "@fortawesome/free-regular-svg-icons": "^5.9.0",
    "@fortawesome/free-solid-svg-icons": "^5.9.0",
    "@fortawesome/react-fontawesome": "^0.1.4",
    "@percy-io/percy-storybook": "^2.1.0",
    "@storybook/cli": "^5.1.9",
    "@storybook/react": "^5.1.9",
    "@types/d3-format": "^1.3.1",
    "@types/papaparse": "^5.0.1",
    "@types/ramda": "^0.26.18",
    "@types/react": "^16.8.23",
    "@types/react-dom": "^16.8.5",
    "@types/react-select": "^1.3.4",
    "babel-loader": "^8.0.6",
    "core-js": "^3.1.4",
    "css-loader": "^3.1.0",
    "cypress": "^3.4.0",
    "d3-format": "^1.3.2",
    "fast-isnumeric": "^1.1.3",
    "file-loader": "^4.1.0",
    "http-server": "^0.11.1",
    "less": "^3.9.0",
    "less-loader": "^5.0.0",
    "npm": "^6.10.2",
    "npm-run-all": "^4.1.5",
    "papaparse": "^5.0.1",
    "ramda": "^0.26.1",
    "raw-loader": "^3.1.0",
    "react": "16.8.6",
    "react-docgen": "^4.1.1",
    "react-dom": "16.8.6",
    "react-select": "^1.3.0",
    "remarkable": "^1.7.1",
    "sheetclip": "^0.3.0",
    "style-loader": "^0.23.1",
    "ts-loader": "^6.0.4",
    "tslint": "^5.18.0",
    "typescript": "^3.5.3",
    "wait-on": "^3.3.0",
    "webpack": "^4.37.0",
    "webpack-cli": "^3.3.6",
    "webpack-dev-server": "^3.7.2",
    "webpack-preprocessor": "^0.1.12",
    "xlsx": "^0.14.4"
  },
  "files": [
    "/dash_table/bundle*{.js,.map}"
  ],
  "peerDependencies": {
    "prop-types": "^15.7.2",
    "react": ">=0.14",
    "react-dom": ">=0.14"
  },
  "engines": {
    "node": ">=8.11.0",
    "npm": ">=6.1.0"
  }
}
